kecamatan,centroid_lat,centroid_lon,dist_univ_terdekat,nama_univ_terdekat,count_univ_3km,count_univ_5km,count_univ_10km,WAS_linear,WAS_inverse_sq,dummy_edu_hub,dist_UGM,dist_UNY,dist_UII,dist_UAJY,dist_USD,dist_UPN,dist_UMY,harga_num
Berbah,-7.806967,110.449323,5.8512,USD,0.0,0.0,5.0,17732.3741,2023.46,0.0,8.8066,7.9469,13.2767,9.1053,5.8512,8.8718,14.637,900000000.0
Cangkringan,-7.632325,110.450425,8.1327,UII,0.0,0.0,1.0,11065.8797,844.8839,0.0,17.4073,17.0832,8.1327,15.0347,15.6634,15.436,24.6861,4000000000.0
Depok,-7.766123,110.410339,0.4062,USD,4.0,5.0,6.0,64571.405,72523.5783,1.0,3.6218,2.7333,8.0309,2.924,0.4062,2.7779,11.4459,1800000000.0
Gamping,-7.789678,110.320818,2.3419,UMY,1.0,1.0,5.0,25817.2386,5662.3404,0.0,6.6091,7.4714,14.5355,8.4545,10.4625,8.2064,2.3419,3380000000.0
Godean,-7.768063,110.295551,5.233,UMY,0.0,0.0,2.0,17455.6144,2040.2355,0.0,9.0803,10.0088,15.1229,10.301,12.973,10.1833,5.233,637000000.0
Kalasan,-7.746884,110.463993,6.0717,USD,0.0,0.0,6.0,17636.6901,1985.6124,0.0,9.8694,9.011,8.326,8.4283,6.0717,8.5241,17.7136,1600000000.0
Minggir,-7.731753,110.248533,11.5046,UMY,0.0,0.0,0.0,10722.3485,714.0081,0.0,14.9197,15.8313,18.3473,15.5045,18.6032,15.5184,11.5046,325000000.0
Mlati,-7.739047,110.345832,4.8461,UAJY,0.0,2.0,7.0,27612.0281,4873.3216,1.0,5.0424,5.7853,8.7254,4.8461,8.114,4.9409,8.5567,1200000000.0
Moyudan,-7.7774,110.247848,8.4015,UMY,0.0,0.0,1.0,11394.7112,849.2406,0.0,14.3437,15.2646,20.1936,15.657,18.2565,15.533,8.4015,400000000.0
Ngaglik,-7.711967,110.399387,2.3585,UII,1.0,2.0,6.0,30975.0187,7680.452,1.0,7.0199,6.8511,2.3585,4.6767,6.4488,5.0985,14.2461,540000000.0
Ngemplak,-7.70703,110.443801,3.9391,UII,0.0,1.0,5.0,20368.6207,3086.5174,0.0,10.1958,9.6256,3.9391,7.9788,7.5967,8.2938,18.1268,1200000000.0
Pakem,-7.62038,110.418486,8.2211,UII,0.0,0.0,1.0,11008.8795,832.8854,0.0,17.378,17.2502,8.2211,15.0669,16.4579,15.491,23.922,675000000.0
Prambanan,-7.797366,110.504669,10.5723,USD,0.0,0.0,0.0,11419.3647,811.4225,0.0,14.2615,13.3376,15.485,13.8228,10.5723,13.7275,20.7795,395000000.0
Seyegan,-7.726564,110.300304,9.4805,UMY,0.0,0.0,2.0,15548.8919,1489.1717,0.0,9.8969,10.7483,12.6846,10.0489,13.2867,10.1256,9.4805,800000000.0
Sleman,-7.693429,110.34933,6.7518,UII,0.0,0.0,5.0,18292.3625,2110.7818,0.0,9.2238,9.6598,6.7518,7.8021,10.9083,8.132,13.4895,570000000.0
Tempel,-7.665786,110.318024,10.6699,UII,0.0,0.0,0.0,12418.8738,954.3196,0.0,13.4701,14.0218,10.6699,12.3167,15.4968,12.6165,16.0701,645000000.0
Turi,-7.627799,110.381928,8.0005,UII,0.0,0.0,1.0,11745.4503,931.7992,0.0,15.9739,16.0639,8.0005,13.8696,16.0009,14.2894,21.5357,1250000000.0
